url,title,group,retrieval_status,retrieved_at,content_characters,content_sha256,notes
http://www.dli.mn.gov/sites/default/files/pdf/TAG-residential-070125-worksheet.pdf,[PDF] 2024 IRC - 1309 TAG REVIEW WORKSHEET,supplementary_primary,retrieved,2026-09-26T19:14:38.586596+00:00,457810,700c499d28f57a2333ebe163bc9a3b719bbe2c68e11c0b62ef552639795bae18,
https://austinenergy.com/-/media/Project/Websites/AustinEnergy/Contractors/AE_DG_Interconnection_Guide.pdf?rev=e5d375562efb4515bae892387b29e4d9&hash=A9043CEE17BBF4514E6503A1E786423E,[PDF] Distribution System Interconnection Guide for Customer-Owned ...,supplementary_primary,retrieved,2026-09-26T19:13:02.574134+00:00,182861,d662c4997d8388333d71058f3dae32a65e9d73a79f70a03e94518872d23ef523,
https://austinenergy.com/-/media/project/websites/austinenergy/contractors/designcriteriamanual.pdf,Austin Energy Design Criteria,supplementary_primary,retrieved,2026-09-26T19:14:38.593932+00:00,393305,7bbf80b3463f077df5a87de3722dbefce52334ff4e6c78aef8692152dc762eb5,
https://austinenergy.com/contractors/Construction-Renovation/Customer-Power-Production,"Connecting Solar, Generators, Wind Power",supplementary_primary,retrieved,2026-09-26T19:13:02.573948+00:00,4089,288afed7eef8cb3125840b271812c259d4e7fac65fa3abb4a8579cabf9c61395,
https://capitol.texas.gov/tlodocs/89R/billtext/html/SB01252F.HTM,89(R) SB 1252 - Enrolled version - Bill Text - Texas Legislature Online,supplementary_primary,retrieved,2026-09-26T19:13:55.412434+00:00,3052,ddc1fe722cadff695362765964bede0aafbcecb1d6720bf9bed84c38aef5d369,
https://codes.iccsafe.org/s/IRC2024P1/chapter-3-building-planning/IRC2024P1-Pt03-Ch03-SecR330.4,Digital Codes,supplementary_primary,interface_only_no_code_text,2026-09-26T19:16:28.594549+00:00,156,0d32d94eeb1c3002821f0dd5e2ab4f45bb26496f4193959287bb86e19b0fdb18,
https://dallas.gov/departments/sustainabledevelopment/buildinginspection/Pages/know_code.aspx,MainTitleHeaderCurrent City Codes and Ordinances,supplementary_primary,retrieved,2026-09-26T19:13:27.014795+00:00,1231,1ec9cf98a08d060088adc6280594b46ede329dcfe455bc9afe23251e6a88c0bc,
https://dallascityhall.com/departments/sustainabledevelopment/DCH%20documents/SFB%20%23204.pdf,[PDF] Planning and Development - City of Dallas,supplementary_primary,retrieved,2026-09-26T19:13:27.014845+00:00,6482,96f102d6738083f5c76225d9f1a84c9218808320f2560eb606e6ea45bc4222d0,
https://help.basepowercompany.com/en/articles/10049793,Why is Base significantly less expensive than alternatives?,base_help_article,retrieved,2026-09-26T19:14:45.196472+00:00,1205,453496801b3d0590b2f83c5d6be7b751586a1db0c8a7c5110512e09733446c66,
https://help.basepowercompany.com/en/articles/10194689,Why does Base own and operate the battery?,base_help_article,retrieved,2026-09-26T19:14:45.198837+00:00,1319,4049256a4a0aebe425335b3fa8867c6e3ba2eb8ec92ea16b41c737adba878c29,
https://help.basepowercompany.com/en/articles/10194753,How is Base different from other Retail Energy Providers?,base_help_article,retrieved,2026-09-26T19:14:45.200914+00:00,2109,74fc3a05c572f61658d2e643bf23a569a07d62918676a86b4eba2bf8b1e19e39,
https://help.basepowercompany.com/en/articles/10194881,How does Base make money from its batteries?,base_help_article,retrieved,2026-09-26T19:14:45.202951+00:00,1141,54dfc4f0c0e95b60b6f45e76e8e8157ef3566458237e5a46c318c071906af53b,
https://help.basepowercompany.com/en/articles/10194945,How much does the battery cost and when do I pay for it?,base_help_article,retrieved,2026-09-26T19:14:45.205004+00:00,1552,99000d33e3e16b4ee38b2afbe927ec5e3e3b1e081c3367cd4eae9ed88f8292ac,
https://help.basepowercompany.com/en/articles/10195073,Does Base have an app to monitor my battery and usage? What information can I see on my app and dashboard?,base_help_article,retrieved,2026-09-26T19:14:45.207209+00:00,1725,82dbf88d37e0e98ed16a8d14b3614a12a0c25492d4d950fe3bca42fa9d0cd9fb,
https://help.basepowercompany.com/en/articles/10195137,Will I need HOA approval? Does Base have information I can share with my HOA?,base_help_article,retrieved,2026-09-26T19:14:45.209617+00:00,2773,3337d30ab076a7b4b9176b82aef7f4464f76d8187b7ecadb4c9bba7bc73d2891,
https://help.basepowercompany.com/en/articles/10195265,How can I refer a friend who’s interested in Base? Do you have a referral program?,base_help_article,retrieved,2026-09-26T19:14:45.211665+00:00,1200,3492981f5c1ec6f82a9616d0b9d29e7b331a5e7185378c0cf8a61cce2e5c08ab,
https://help.basepowercompany.com/en/articles/10195329,Can I talk to someone?,base_help_article,retrieved,2026-09-26T19:14:45.213673+00:00,1017,501a2898308b95956ccaeaa600c160cbc8fe572221b7e8f82dc2737e56f08be8,
https://help.basepowercompany.com/en/articles/10195521,What happens in the event of an outage? How can I prepare for an outage?,base_help_article,retrieved,2026-09-26T19:14:45.215716+00:00,2173,459570357382be0e1d93420f5f8c623c61e7c549ab0e548ad909d04707a5cbb7,
https://help.basepowercompany.com/en/articles/10195585,What types of electrical devices will the battery back up?,base_help_article,retrieved,2026-09-26T19:14:45.217856+00:00,2342,663503a0fb8507732970226e5043f6565a3e1a2a3623932a127956d684c9a881,
https://help.basepowercompany.com/en/articles/10195713,How long does the battery take to kick-in during an outage? Do I have to do anything?,base_help_article,retrieved,2026-09-26T19:14:45.219954+00:00,1552,06ee46af7a3c795c543f8b9105b4be644127c1a36aa88e567666e4eab1ee14bf,
https://help.basepowercompany.com/en/articles/10195777,How long does your Base battery last during an outage?,base_help_article,retrieved,2026-09-26T19:14:45.222228+00:00,3015,68b2074662e7713c45373dda5eacbfbeb94d1d46487a3865c59d1e6eb541004d,
https://help.basepowercompany.com/en/articles/10195841,How can I extend the duration of my battery backup?,base_help_article,retrieved,2026-09-26T19:14:45.224325+00:00,1070,950bde7c4c051fce819570c83eaeb4422afa04ec33a06e31347e86a984bad0fb,
https://help.basepowercompany.com/en/articles/10195969,How can I enable push notifications on the Base Power app?,base_help_article,retrieved,2026-09-26T19:14:45.226333+00:00,1060,cbc521f7f6d6b0128427734e620f41f676181e197fb3cfbac1a88173dabaeef9,
https://help.basepowercompany.com/en/articles/10196033,How is the estimated backup duration on my Base App calculated? How can I extend it?,base_help_article,retrieved,2026-09-26T19:14:51.685708+00:00,3460,a1fd8097268f54efeac630301201e7d6d63f0e119e04ad7f370324a3d064c191,
https://help.basepowercompany.com/en/articles/10196097,"How do I know if I'm using battery power or grid power? How should I interpret the Base App “status” bar with “power source”, “battery charge”, and “estimated backup time”? Can I run off of the battery when the grid is available?",base_help_article,retrieved,2026-09-26T19:14:51.688212+00:00,1613,fa02a143fc3cd657cab1101e2b5fdbb577d59604ffe8fe777b4ec9adf6e4c71d,
https://help.basepowercompany.com/en/articles/10280449,What’s the lifespan of the Base battery?,base_help_article,retrieved,2026-09-26T19:14:51.690522+00:00,1063,458abdd60879b423cf7301bcda0deebff0cab6b2402d49e2d2ac002481d1b767,
https://help.basepowercompany.com/en/articles/10280513,What hardware does Base use? Do you have spec sheets for the system?,base_help_article,retrieved,2026-09-26T19:14:51.692646+00:00,1396,e76198887fdbb60d9abc247ef79b6d7e58dd116b0f7687ae907a3017e3ec9e36,
https://help.basepowercompany.com/en/articles/10280577,What is the temperature range of the battery?,base_help_article,retrieved,2026-09-26T19:14:51.694722+00:00,1132,7fcb3700578f25947b0c2d41245819ca8dabca172f7d52a4c2ac84b181ef6b0b,
https://help.basepowercompany.com/en/articles/10280641,Why does Base request home photos? What does photo review entail?,base_help_article,retrieved,2026-09-26T19:14:51.697441+00:00,4913,ff19c83dccd00683c285dafaa421524d2ed0c0ea61754ebfc7bc5b73e1736bcf,
https://help.basepowercompany.com/en/articles/10280705,What are the electrical and spacing requirements for Base equipment?,base_help_article,retrieved,2026-09-26T19:14:51.700264+00:00,5797,36c723001ff49a80449c7ad9bf2654f5dc9f61bf8c7d49ffaee7c90ab8a8571b,
https://help.basepowercompany.com/en/articles/10280833,What do I need to know on the day of installation?,base_help_article,retrieved,2026-09-26T19:14:51.702689+00:00,3171,84a18fa722bbeec10dfc8884c3fce45443fd61fd8cb7bedacbfa4178f1425ceb,
https://help.basepowercompany.com/en/articles/10280897,What is a soft start and do I need one?,base_help_article,retrieved,2026-09-26T19:14:51.705124+00:00,6251,1e28381c96b2e52736627654a4913e1cfc343ee0e2f003712010fa2dc159b066,
https://help.basepowercompany.com/en/articles/10280961,What safety precautions does Base take?,base_help_article,retrieved,2026-09-26T19:14:51.707304+00:00,1733,760d918c0a4e745ba317655734e9781815c152bba465ed58d2ce390434d32e8d,
https://help.basepowercompany.com/en/articles/10281089,Do cities require permits for Base battery installations?,base_help_article,retrieved,2026-09-26T19:14:51.709679+00:00,1250,c91a7bcb60a4befce8b7bed1184943a0feffacedc6fe455eefc1ce2bb94296a9,
https://help.basepowercompany.com/en/articles/10281153,When does Base deliver the installation equipment? Is there anything I should know about the pallet delivery?,base_help_article,retrieved,2026-09-26T19:14:51.711810+00:00,1768,b88a6cea924cd3fa5173bc20cdb3cb3058c8ab76f690f72f186884984e7ff40a,
https://help.basepowercompany.com/en/articles/10281217,What are Base batteries made of?,base_help_article,retrieved,2026-09-26T19:14:51.714562+00:00,1540,6a04354d0b6b70f0330650130408018bb37fd960f98ec82d36aea136690a3ab1,
https://help.basepowercompany.com/en/articles/10281281,What does a typical Base system installation look like?,base_help_article,retrieved,2026-09-26T19:14:51.717027+00:00,831,6c7c0ef7c3bc9938d4ab450f0414479069e3fa023834bd5f09b1a96eaf21cc72,
https://help.basepowercompany.com/en/articles/10281345,How does the Base system interact with a generator interlock on the main panel?,base_help_article,retrieved,2026-09-26T19:14:51.719008+00:00,1047,8ced04ee79f5aeec4e5edfd67b6e189043196cef4396ba99481d7db44cf27dfd,
https://help.basepowercompany.com/en/articles/10281409,How do I connect my battery to my home WiFi network?,base_help_article,retrieved,2026-09-26T19:14:56.012610+00:00,2527,891ce561ac7f88625069e3d14dd1d04e71ae3fa4efe04efce9c9b6ba39c77c1c,
https://help.basepowercompany.com/en/articles/10281473,How do I test my Base battery?,base_help_article,retrieved,2026-09-26T19:14:56.016445+00:00,4778,f21ef5f59b65f4c7dcfac1ffc8fa59dadf0eb40079852bb78923c070e76d2bc6,
https://help.basepowercompany.com/en/articles/10281537,Does Base require Solar?,base_help_article,retrieved,2026-09-26T19:14:56.019483+00:00,1314,8d0a35a7cdb73d5e1f40775bb33beda2db3751ed721a2d0ce6fbc0bd97ce935a,
https://help.basepowercompany.com/en/articles/10281665,Can I join Base if I have solar?,base_help_article,retrieved,2026-09-26T19:14:56.022068+00:00,1601,bda9237a5765c30954046b2bf469bd4f78e706f659229131408abc0bc1ce9f1a,
https://help.basepowercompany.com/en/articles/10282049,Can Base integrate with generators? Which generators are compatible?,base_help_article,retrieved,2026-09-26T19:14:56.024899+00:00,3515,8bde09a0ec64601e1b6f6ff4bd6226c03a6d7beef7492ec54247177f8303f33e,
https://help.basepowercompany.com/en/articles/10282177,"How can I see my solar production, usage, and overproduction? Does Base offer solar buybacks to credit my overproduction?",base_help_article,retrieved,2026-09-26T19:12:51.583113+00:00,1768,3a989626ccdd5a872420eee43c98aa013d4aa73ef835d711efd55bb42ce36d97,
https://help.basepowercompany.com/en/articles/10282241,Do I need to do anything if I'm installing an electric vehicle (EV) charger or making other electrical upgrades after my battery is installed?,base_help_article,retrieved,2026-09-26T19:14:56.027355+00:00,1243,0fd16a1e97d4b9629cfeff74b020b83c48ea10c83eee0b025c2741d32dfd695c,
https://help.basepowercompany.com/en/articles/10282305,"If I have solar panels, can I see my solar data in the Base app?",base_help_article,retrieved,2026-09-26T19:14:56.029289+00:00,877,8fc0d72949cba7d765672e6829eba2153b2f1e373195a8394931feee0dae0e45,
https://help.basepowercompany.com/en/articles/10282689,What steps do I need to take if I am adding solar panels after my Base system installation?,base_help_article,retrieved,2026-09-26T19:14:56.032104+00:00,6364,3bdcbd31415ae025e226ed9fed848540e0bac6dc924a3b636edcccc8e7ca4517,
https://help.basepowercompany.com/en/articles/10282753,Can I control when the Base battery charges and discharges? How do I use the Generator Recharge Port?,base_help_article,retrieved,2026-09-26T19:14:56.035068+00:00,1338,4a4bef6f373aae6e23fe736bf327f9edd0cd5a8303a06d4b68c0d936a5166dd8,
https://help.basepowercompany.com/en/articles/10282817,How do I use the Generator Recharge Port?,base_help_article,retrieved,2026-09-26T19:14:56.039785+00:00,12240,97539f24f26e7be08fa0ebe125b55b69305e32f233e73cf3a2e1cbe116f25578,
https://help.basepowercompany.com/en/articles/10283073,Do I enter into any contracts or agreements with Base? What happens if I move or cancel?,base_help_article,retrieved,2026-09-26T19:12:51.584067+00:00,1885,2c3f154057aec6f1abe3188846e7b8d7d026b912a8f234b9c5f5fa81ad6a7f81,
https://help.basepowercompany.com/en/articles/10283137,Who owns and operates the battery?,base_help_article,retrieved,2026-09-26T19:15:17.922309+00:00,754,3d2c035ef4272cbf93cb661e62b315cc51aa2d2a6e22b6e7d5ea2808c5bfb189,
https://help.basepowercompany.com/en/articles/10283521,Does Base back up life-critical medical devices?,base_help_article,retrieved,2026-09-26T19:15:17.925875+00:00,1031,5be542a2ea93490ef2229ccd3f5310e0320a32bf4ba4fe32373bd8aace4c7866,
https://help.basepowercompany.com/en/articles/10283649,What are the minimum hours of backup reserved?,base_help_article,retrieved,2026-09-26T19:15:17.928997+00:00,1123,9b0525c29446c1c9d2f67f86cf42380ff2065b605a9b8c50dfb068dd0f879700,
https://help.basepowercompany.com/en/articles/10283713,What happens if the battery gets damaged or breaks? Do I have to pay?,base_help_article,retrieved,2026-09-26T19:15:17.932121+00:00,908,e9ff2fb8528b1ec5d6c62de357ddc407a275abbc96a9117e2be2c7561e589528,
https://help.basepowercompany.com/en/articles/10283777,What is an Interconnection Agreement (IA)? Why does Base need my previous IA? How can I locate it?,base_help_article,retrieved,2026-09-26T19:15:17.936074+00:00,3831,c3dbf3bc7b466793e35bd3fe94763b230758c737da8cd73795cc969d07839c8f,
https://help.basepowercompany.com/en/articles/10283841,"What are the Interconnection Agreement (IA) and Tariff Agreement (TA), and why do utilities require members to sign them?",base_help_article,retrieved,2026-09-26T19:15:17.940048+00:00,3656,ff54636bd4a288b345ce9a565c3928d89f6d95efc67a9e3be23af2e21e69b6d6,
https://help.basepowercompany.com/en/articles/10286785,How do I transfer my Base battery and energy service to a new homeowner if I am selling my home?,base_help_article,retrieved,2026-09-26T19:15:17.942490+00:00,1369,4cb12cdeac3e475089693a125d1d468342c05806f68a3b46f98bf39685776b0f,
https://help.basepowercompany.com/en/articles/10286849,What are my options when my Base electricity plan is up for renewal? What happens if I don't renew my plan before it expires?,base_help_article,retrieved,2026-09-26T19:15:17.944377+00:00,1081,f28711b90d0d7f3273056429c79d49f523c71b74c133f8e4e7089640232922e7,
https://help.basepowercompany.com/en/articles/10286913,I'm a Base battery member and I have a renter. How do I transfer energy service to them?,base_help_article,retrieved,2026-09-26T19:15:17.946288+00:00,1065,4d689fa171cc270882386a57dab6e399eea954f750abbf1ab15c77e23ca6eb28,
https://help.basepowercompany.com/en/articles/10286977,What are my responsibilities as a landlord with Base Power?,base_help_article,retrieved,2026-09-26T19:15:17.948087+00:00,1248,10e8e3d4ddc19037775edb794d4ff28dfd78a599917a5088742b4834044d83d0,
https://help.basepowercompany.com/en/articles/10287041,I'm a renter moving into a home with a Base Battery. What do I need to do?,base_help_article,retrieved,2026-09-26T19:15:17.950466+00:00,2310,9b70de07ab3dfb947f3154f280a2853545275502684b1f87ce54d0b6f60fad4f,
https://help.basepowercompany.com/en/articles/10287105,What if I need to cancel or reschedule my battery installation?,base_help_article,retrieved,2026-09-26T19:15:17.952582+00:00,1019,191e94f91274cd6ab6c5ee5678cfeb47159f26cbb4f854a9fff5f1f50e946f91,
https://help.basepowercompany.com/en/articles/10287169,How do I report a security concern?,base_help_article,retrieved,2026-09-26T19:15:17.954317+00:00,931,cb6e23f02ed451f7ecd9dabbb1ebe001161fa6a4cd9db0178cb04cdaeab51907,
https://help.basepowercompany.com/en/articles/10305089,I received an email from Tremendous - is this legitimate?,base_help_article,retrieved,2026-09-26T19:15:17.956106+00:00,787,c620a50e5cdf12d527ea08c4f829980871bc70526ca0b67135abf54fde54afb9,
https://help.basepowercompany.com/en/articles/10310977,How do I get reimbursed for the early termination fee from my current provider? Do I need to cancel service with my current provider?,base_help_article,retrieved,2026-09-26T19:15:17.957975+00:00,1999,1b9367bfb90c444918b9bb5d904c96be67138d26c7246f05ed391681ca540e13,
https://help.basepowercompany.com/en/articles/10311041,How and when do I pay my energy bill? Does Base offer auto-pay? When will I receive my first electricity bill?,base_help_article,retrieved,2026-09-26T19:15:32.557285+00:00,1559,5d4fbc73f5f900a8039622ee2f7913a98d753ebcfe813255047096b7e5c63d83,
https://help.basepowercompany.com/en/articles/10311169,Why do you ask for a $50 refundable deposit?,base_help_article,retrieved,2026-09-26T19:15:32.559398+00:00,889,0290ffeb1a0f6a10512b058f89155dd7831697aa415b9350954969ba1b019776,
https://help.basepowercompany.com/en/articles/10311233,Where can I find my bills and billing history?,base_help_article,retrieved,2026-09-26T19:15:32.561300+00:00,1127,e8b9da22ed4f8afb49a75c40b2cf9a60bfdff0ac239beb2f6509f70d7979a502,
https://help.basepowercompany.com/en/articles/10311297,I received a 'Base Power Bill Payment Problem' email – what does this mean?,base_help_article,retrieved,2026-09-26T19:15:32.563293+00:00,919,e5bdabb748321069f77c2d8870c24d024fcc8387c60214b2731d2cffc32fc83c,
https://help.basepowercompany.com/en/articles/10311361,What does it mean if my energy bill went negative?,base_help_article,retrieved,2026-09-26T19:15:32.565397+00:00,1131,b83361d3bcf42723b5f3409d89175ad09af92b3310013afbd782ae557fb9bc10,
https://help.basepowercompany.com/en/articles/10311425,"What are utility delivery charges? Why is my ""all-in"" price different than my energy rate?",base_help_article,retrieved,2026-09-26T19:15:32.567482+00:00,1605,b8a25a7e4ed0d8bd453389b29426741796c485589ff1f0607c86b7886007ddda,
https://help.basepowercompany.com/en/articles/10311489,Will I pay for battery charging and discharging? What are battery credits?,base_help_article,retrieved,2026-09-26T19:15:32.569468+00:00,959,018b111a8b99b396e503a835af51ead733c6700ead68cfd6aaf7fc5c4d652454,
https://help.basepowercompany.com/en/articles/10311553,How do I interpret the meter readings at the bottom of my bill? Why are there two meters listed?,base_help_article,retrieved,2026-09-26T19:15:32.571271+00:00,1191,1ce44abf2a23d391f0aa3271efb9711a82d2ed43ad65f567b0609d4ae3b27825,
https://help.basepowercompany.com/en/articles/10311617,What do the bill statuses on my Base Dashboard mean?,base_help_article,retrieved,2026-09-26T19:15:32.573265+00:00,1212,d777824cbd32e2a3453b8a113c1c21f9916d5ad2ac5063bc8c57140f144083ca,
https://help.basepowercompany.com/en/articles/10311681,Why is my energy usage high? How can I reduce my energy usage?,base_help_article,retrieved,2026-09-26T19:15:32.575471+00:00,1894,1e73e76049d2d5aa1507837b1c108df3b0b1f65d3ddb1d5b6174cca30fe8e391,
https://help.basepowercompany.com/en/articles/10311745,What are the components of my energy bill?,base_help_article,retrieved,2026-09-26T19:15:32.577505+00:00,2900,a34d1cb99cd671db0e4b63a584d46ba03a5ea983057848998e1c1622df6f7162,
https://help.basepowercompany.com/en/articles/10398145,How does activating energy service with Base work?,base_help_article,retrieved,2026-09-26T19:15:32.579419+00:00,981,ea07183476838f6e92c979a08c5797cad7ad6676c794a107b70cd9ae9cc43e25,
https://help.basepowercompany.com/en/articles/10627905,Does the battery back up my whole home? How much power can it handle?,base_help_article,retrieved,2026-09-26T19:15:32.581735+00:00,1872,95f53fe649e72f81f48d21df66e1a5c0fbeb1763f8aa5c2567fb06ee22cf9794,
https://help.basepowercompany.com/en/articles/10639297,What is grid support?,base_help_article,retrieved,2026-09-26T19:15:32.583979+00:00,1729,e4a5199d4ed2c3184c30914b30c34a762618fd172d10574e2f7d6af334a31fc7,
https://help.basepowercompany.com/en/articles/10639361,Where can I see Base's Electricity Facts Labels (EFLs)?,base_help_article,retrieved,2026-09-26T19:15:32.586282+00:00,1737,652c26b5656391f1fd7207769dcf7a62b1b5982f0280e65765d0357c47038d1d,
https://help.basepowercompany.com/en/articles/11270081,Can I use Base as an overnight solar battery?,base_help_article,retrieved,2026-09-26T19:15:35.835479+00:00,2325,d3a6ab5b43a7f0b98d4bd8c1e9d08e4c90e3d8ff98ce620526a13f96c548bf9b,
https://help.basepowercompany.com/en/articles/11390465,CoServ,base_help_article,retrieved,2026-09-26T19:15:35.838098+00:00,2705,110ef6963f6608735904ae36cc5ea19e72b114a8ff82701baf2464f2aa4e40e5,
https://help.basepowercompany.com/en/articles/11390529,Farmers,base_help_article,retrieved,2026-09-26T19:15:35.840560+00:00,2877,eaa8cf71366a4b89bc8d4597ba417dc1eb92301bc3b76f691c7b64eaa500b858,
https://help.basepowercompany.com/en/articles/11390721,GVEC,base_help_article,retrieved,2026-09-26T19:15:35.842990+00:00,3252,7d17879524d91e3ff3cdec37ea549e46931aefbbbed8ea3f38f12cb1f49cc64d,
https://help.basepowercompany.com/en/articles/11390785,El Paso Electric,base_help_article,retrieved,2026-09-26T19:15:35.845516+00:00,3334,0ef7d7eba80819b28017fc2345f3c8fa54d76646b312e7930d2917a68422384e,
https://help.basepowercompany.com/en/articles/11391041,Bandera Electric Cooperative,base_help_article,retrieved,2026-09-26T19:15:35.847792+00:00,2253,a3b01580a0e0700bcd5e4a11320b1d17a2a2d7e75ae082281013782a3317367a,
https://help.basepowercompany.com/en/articles/11457345,How much does Base charge for energy?,base_help_article,retrieved,2026-09-26T19:15:35.850022+00:00,1755,89a8dcbbbe5c5219b5bb50c8aae711be91acf0a1b8bbd73fad9b94c59db68c67,
https://help.basepowercompany.com/en/articles/11484225,Can I have Base energy service as a renter or in an apartment?,base_help_article,retrieved,2026-09-26T19:15:35.851822+00:00,679,540e6e61166bbf5fafffea32c6f39db971f406cad0600e1732b89ea78594950a,
https://help.basepowercompany.com/en/articles/11816385,How is Base different from other energy suppliers?,base_help_article,retrieved,2026-09-26T19:15:35.853794+00:00,1650,f05318a807d430e025b3a2b3f82daa9ab033319fdf87851e38db004a126591a6,
https://help.basepowercompany.com/en/articles/11816449,What does Base supply and how does it differ from ComEd?,base_help_article,retrieved,2026-09-26T19:15:35.855831+00:00,1072,39984c2dd1af35275906902d2f0f6b1e51acf9d53e9216e3b22b94a5dd554d93,
https://help.basepowercompany.com/en/articles/11816641,How does activating energy service with Base work?,base_help_article,retrieved,2026-09-26T19:16:05.484103+00:00,2303,10c724624e759e96cfb3b9b9fc89181d0f28c200a7c494626b5621e3db4d19e7,
https://help.basepowercompany.com/en/articles/11816769,What are Base's current and historical energy supply rates?,base_help_article,retrieved,2026-09-26T19:12:51.584743+00:00,1809,31706555399168af35ceb616d1801ec33ade72376a50939a8986a019c538993a,
https://help.basepowercompany.com/en/articles/11817281,How am I billed for energy supply?,base_help_article,retrieved,2026-09-26T19:16:05.486379+00:00,1449,b3dff04cb1be8bfed181dac5dc016689a6cb559f1602a04717673bb3d1ef1b92,
https://help.basepowercompany.com/en/articles/11817345,What are utility delivery charges? Why do I see both Base and ComEd charges on my bill?,base_help_article,retrieved,2026-09-26T19:16:05.488431+00:00,1364,0052327b05a07cef39a3902968b6c6f2e347b8f45d08021a4f6fa2a9220063ea,
https://help.basepowercompany.com/en/articles/11817409,What does it mean if my energy supply charges went to zero?,base_help_article,retrieved,2026-09-26T19:16:05.490313+00:00,941,459d48d09d8ec4a8f6bc4055af53189211ba5ce30343ff833f9c16c758e9e7c8,
https://help.basepowercompany.com/en/articles/11817537,"If I have a complaint, what are my rights?",base_help_article,retrieved,2026-09-26T19:16:05.492172+00:00,955,0fe46097ecacc4c1f1b01315299acdafb8832cf907b559f7c56a50a506e1e35b,
https://help.basepowercompany.com/en/articles/12742081,What are the terms and conditions of the Founding Member promotion?,base_help_article,retrieved,2026-09-26T19:16:05.494046+00:00,1544,f3829f1ec0ca3747581eec6eac3705229060c66b2071e3816d23fc68265bdc15,
https://help.basepowercompany.com/en/articles/12867073,What does whole-home backup mean? Can I use my air conditioner during an outage?,base_help_article,retrieved,2026-09-26T19:16:05.496594+00:00,3201,79cd0f162218ccb4cdc683b4dcf3adcd8329a50553b90885089ff140f102d27f,
https://help.basepowercompany.com/en/articles/13741249,I got an alert saying my battery isn't active. What do I do?,base_help_article,retrieved,2026-09-26T19:16:05.498933+00:00,2072,a9837a73415e25ad4f171bb61358b31b1babee15c29edc7df5158dce390bfbe4,
https://help.basepowercompany.com/en/articles/13806657,I already have a home battery. Can I get the Base energy + battery rate?,base_help_article,retrieved,2026-09-26T19:16:05.500870+00:00,1578,918e6c8a49b0bea8c87d17f3e4b00af9e59e28b88aeb1959b714be2c612ff575,
https://library.municode.com/tx/austin/codes/land_development_code?nodeId=TIT25LADE_CH25-12TECO_ART7FICO,CHAPTER 25-12. - TECHNICAL CODES. | Land Development Code ...,supplementary_primary,retrieved,2026-09-26T19:13:55.414762+00:00,771337,557cecbae993a36908cc58450c6025c155916d851a827998af4892c3f542a386,
https://www.austintexas.gov/development-services/building-technical-codes,Building Technical Codes | Austin Development Services ...,supplementary_primary,retrieved,2026-09-26T19:13:27.014551+00:00,3084,f313d4c72d6a2c4282c9d765da1f00fb6a8368f2b1f038893e94d0422ae3d381,
https://www.austintexas.gov/fire/fire-building-code,Fire Building Code Resources | Austin Fire | AustinTexas.gov,supplementary_primary,retrieved,2026-09-26T19:13:27.014216+00:00,1348,4ab7143a369b8f165825b8aed2c39e611fe489bdca2c794cd0c948eb759bfb4d,
https://www.austintexas.gov/sites/default/files/files/Fire/Prevention/Plans_Review/79189736_Stationary%20LiB%20ESS%20Plan%20Review%20Submittal_10172023.pdf,[PDF] Stationary Lithium Ion Battery Energy Storage Systems Plan Review,supplementary_primary,retrieved,2026-09-26T19:13:27.014655+00:00,8212,ebbfae176549f132ca22bc7e3c50872def7f75879c3c3a4133f6a04aebe82460,
https://www.basepowercompany.com/,Save money. Stay powered. | Base Power,base_sitemap,retrieved,2026-09-26T19:12:02.948672+00:00,31421,1122f9eae201f3e461a4160dff98af750d12b671d04f8f87694f6d6d17ea93c4,
https://www.basepowercompany.com/_bpc/files/YSju1zp8DXgjh6U_-p55pw-growatt-user-manual-feb-2024.pdf,,supplementary_primary,retrieved,2026-09-26T19:15:58.580199+00:00,294037,e3b0c44298fc1c149afbf4c8996fb92427ae41e4649b934ca495991b7852b855,"SDK size limit; public PDF downloaded after failed fetch and text extracted locally. Legacy Growatt manual, not verified Core manual."
https://www.basepowercompany.com/about,About Base Power Company | Home Battery & Energy Provider,base_sitemap,retrieved,2026-09-26T19:12:02.955816+00:00,6304,ea4c7c4d7ee9eba67715ae93d9adb8c561811f390a8271f2ca47af060e90bcd0,
https://www.basepowercompany.com/app-feedback,Base App Feedback | Base Power,base_sitemap,minimal_content,2026-09-26T19:12:02.956743+00:00,44,bd76f07c5323ff73648834b081adcc72646ed2e543422da34e1f127773f01030,
https://www.basepowercompany.com/austinenergy,"Austin Energy, affordable home backup is finally here - Base Power",base_sitemap,retrieved,2026-09-26T19:13:02.573397+00:00,13952,9ccc86607ff44e974d6729ea800964e6e2c607bcc3c3999bd2e4287f938236f2,
https://www.basepowercompany.com/austinenergy/core,Base Core | Austin Energy x Base Power,base_sitemap,retrieved,2026-09-26T19:12:02.959491+00:00,9671,1e9e77787833c83a9d8fca31ce4bc5241043e2485de074c1aa3965eaeafca565,
https://www.basepowercompany.com/austinenergy/how-it-works,How it works | Austin Energy x Base Power,base_sitemap,retrieved,2026-09-26T19:12:02.960517+00:00,19658,1609110af0e33ad886c4360e1413cd7e80ab9e4c3eb25f362125d4bdcd40104f,
https://www.basepowercompany.com/austinenergy/reviews,Reviews | Austin Energy x Base Power,base_sitemap,retrieved,2026-09-26T19:12:02.962779+00:00,20483,ef593091d2db082da1aa2659a9fb73822ee0910e0e13fd25cf41f9cad9d3b29e,
https://www.basepowercompany.com/base-scout,Save Your Parents | Base Power,base_sitemap,minimal_content,2026-09-26T19:12:02.969144+00:00,44,8290b46fa574a07dc88a22714e925ac66269f1b1da3eae5f46bd32a0510d73e1,
https://www.basepowercompany.com/battery-agreement,Battery agreement | Base Power,base_sitemap,minimal_content,2026-09-26T19:12:02.969495+00:00,92,cd9378116d3ef303fdac098239c97d1d63cd32b21d8d5e1f91177fdb5b7968a9,
https://www.basepowercompany.com/blog,Base Power Blog | Energy and backup power guides,base_sitemap,retrieved,2026-09-26T19:12:02.969820+00:00,11447,3b8dbd798d44cf538f12bed779a20edfcf48ef0e5e10ae925d8ca14323a1fcfe,
https://www.basepowercompany.com/blog/3-reasons-homeowners-choose-base-powers-batteries-over-generators,3 reasons Base Power batteries beat generators | Base Power,base_sitemap,retrieved,2026-09-26T19:12:02.970675+00:00,8429,abc952cc89fff2736516f96d7aa649c1a9f6799cccd8a92058e7405780a5b66f,
https://www.basepowercompany.com/blog/3-things-every-texan-should-know-before-choosing-an-energy-company,3 Things Every Texan Should Know Before Choosing an… | Base Power,base_sitemap,retrieved,2026-09-26T19:12:02.971461+00:00,11381,cf3b952c2c984bf7bc89de446075b87d3b8e0825920893e0819242142198be22,
https://www.basepowercompany.com/blog/4-lines-on-your-energy-bill-you-need-to-know-and-where-you-could-be-overpaying,High electricity costs? 4 lines on your bill you need… | Base Power,base_sitemap,retrieved,2026-09-26T19:12:02.972365+00:00,8845,bd72ad17da211639264f3301218e5d5e0555e2ebd1c28f4859cdc53f40b6b389,
https://www.basepowercompany.com/blog/aggregated-ders-and-the-capacity-crunch,ADER Phase IV and the capacity crunch | Base Power,base_sitemap,retrieved,2026-09-26T19:12:02.973254+00:00,31189,e2b209829290f0124714f812bd780047c2d58d8de0a78988ac6a0ab359f8f2fd,
https://www.basepowercompany.com/blog/base-battery-guide,How the Base battery works: A complete guide to grid… | Base Power,base_sitemap,retrieved,2026-09-26T19:12:02.975399+00:00,18352,ab79827ee3e627e37b5332a6b01a966b03d04f400f1c0f2009d46a5a2353a4e7,
https://www.basepowercompany.com/blog/base-solar-integration,How Base works with solar: Base buyback and solar… | Base Power,base_sitemap,retrieved,2026-09-26T19:12:06.228560+00:00,12546,31a2e70a6fac6e55b8eaddd9f9471edb9f0d3b26fb0ed8fe35d0a76dc5fc0a55,
https://www.basepowercompany.com/blog/bill-study,"A review of 7,000 real Texas electricity bills | Base Power",base_sitemap,retrieved,2026-09-26T19:12:06.230486+00:00,11028,4be6f03bbd3524682083103e4ccd344704e995520e0f454631d64b2c9d266a3a,
https://www.basepowercompany.com/blog/comed-rates-keep-climbing-heres-how-illinois-homeowners-can-fight-back,ComEd rates are climbing. Here’s how Illinois… | Base Power,base_sitemap,retrieved,2026-09-26T19:12:06.231527+00:00,9357,41fc9ed3c1d5c5ab7273756553a06b8e493a6a76133fa2b7b75a4ea86c3a03ec,
https://www.basepowercompany.com/blog/compare-base-energy,Base vs other Texas electricity providers (2025) | Base Power,base_sitemap,retrieved,2026-09-26T19:12:06.232503+00:00,12373,203ab317af4008c563245cafa89536057ef53c23c05af9675481008dd2f7ff48,
https://www.basepowercompany.com/blog/guide-for-texas-winter-storms,Texas winter storm preparation guide: nine essential… | Base Power,base_sitemap,retrieved,2026-09-26T19:12:06.233547+00:00,12725,9a734da684fd2c149fd537e80223927b8b5e9c9202cdb793eb0e05f84151a95d,
https://www.basepowercompany.com/blog/how-base-charges-and-discharges-its-batteries,Understanding how Base charges and discharges its… | Base Power,base_sitemap,retrieved,2026-09-26T19:12:06.234564+00:00,14688,56d3c1200b3c8fb10b773db05927174a18a28745791c2f43a693e2bb13733f63,
https://www.basepowercompany.com/blog/how-batteries-support-the-grid,How batteries support the grid | Base Power,base_sitemap,retrieved,2026-09-26T19:12:06.235608+00:00,10906,e9c0ab4c4778d4c8e1de4f537fb80542cc70c09eb1283dc74846f6f41a7cc6f0,
https://www.basepowercompany.com/blog/how-grid-balancing-works,How grid-balancing works | Base Power,base_sitemap,retrieved,2026-09-26T19:12:06.236627+00:00,12202,35d81a5c2e61a6d8322d6b8e114731922187f95461b609ef0fbe3b926d416553,
https://www.basepowercompany.com/blog/how-to-actually-compare-energy-companies-in-texas-without-getting-tricked,How to actually compare energy companies in Texas… | Base Power,base_sitemap,retrieved,2026-09-26T19:12:06.237657+00:00,9540,7291aabc265fa0f1e974409c664733dba62cb098840145d8169f6a950b49e8c1,
https://www.basepowercompany.com/blog/power-outages-101,A guide to power outages: causes and misconceptions… | Base Power,base_sitemap,retrieved,2026-09-26T19:12:06.238671+00:00,14303,c6420df8dd124c4a471cce1a8756e9798ef153a32780a35c0c67485c2ce650c9,
https://www.basepowercompany.com/blog/self-scheduling,How we cut our install queue from 4 weeks to a few days | Base Power,base_sitemap,retrieved,2026-09-26T19:12:06.239814+00:00,15596,42984890c40909d568045c63823152629544a803d287206e2debe88824d424a5,
https://www.basepowercompany.com/blog/solar-savings-guide,"Maximizing solar savings: understanding solar buyback,… | Base Power",base_sitemap,retrieved,2026-09-26T19:12:06.241290+00:00,18762,9c7de31ddcfabc6df39b19747440e6b83587925ef7d9d4a41b59546563e687c2,
https://www.basepowercompany.com/blog/stay-powered-through-summer-storms-9-essential-tips-for-texas-homeowners,Stay powered through summer heat waves: nine essential… | Base Power,base_sitemap,retrieved,2026-09-26T19:12:06.242397+00:00,12586,a60841190ddcb87ae2e75dae4b619dbc3777b3318aaed856a1a3725599a77719,
https://www.basepowercompany.com/blog/texas-businesses-are-overpaying-for-power,Texas businesses are overpaying for power. We're fixing… | Base Power,base_sitemap,retrieved,2026-09-26T19:12:06.243507+00:00,11749,9d0446466aa431410bf570ea68f2f2e23b5e8dc30a18bdc81a9646149210cdef,
https://www.basepowercompany.com/blog/texas-electricity-rates-guide,How to find the best electricity rates in Texas:… | Base Power,base_sitemap,retrieved,2026-09-26T19:12:06.244619+00:00,15538,9619f7679fab9cc5b0f918528aa0c832cd19d9ef7605463f80e1f31fab1f36f2,
https://www.basepowercompany.com/blog/texas-power-grid-guide,Understanding the Texas power grid: how it works and… | Base Power,base_sitemap,retrieved,2026-09-26T19:12:09.580812+00:00,11572,382dcf0896c8dfc3ef06758b43d82dbc3ead1d6e05acad0f31bee38a9226c96f,
https://www.basepowercompany.com/blog/what-makes-base-different-from-other-energy-companies,What's the biggest difference between Base and other… | Base Power,base_sitemap,retrieved,2026-09-26T19:12:09.581808+00:00,11004,eb5d6152f449c451300d561ccb1ffe3dc8b92d95a7c650881f1eb0cd7bf53887,
https://www.basepowercompany.com/business,Lower energy bills for Texas businesses | Base Power,base_sitemap,retrieved,2026-09-26T19:12:09.582734+00:00,12589,3706bf461f799368d43336863671d9bcc331175efe3f4146acb45144fbbfba1a,
https://www.basepowercompany.com/careers,Build the future of American power | Base Power Careers,base_sitemap,retrieved,2026-09-26T19:12:09.584770+00:00,10936,cee0858b315f19583e0f9a472c0b90819a09251600a1c0112efe217db67a232e,
https://www.basepowercompany.com/centerpoint,CenterPoint and Base Power | Base Power Company,base_sitemap,retrieved,2026-09-26T19:12:09.586040+00:00,19256,98e37049256008287e536d529557100dc6ff3687a36075ff766e0a295d67b256,
https://www.basepowercompany.com/centerpoint/core,Base Core | CenterPoint x Base Power,base_sitemap,retrieved,2026-09-26T19:12:09.589466+00:00,9706,0f2a9bbd43d80ca9fabc1a3d9960d49a879a65977de33b0ba4e9e1c02fa118b3,
https://www.basepowercompany.com/centerpoint/energy,Energy plans for CenterPoint customers | Base Power,base_sitemap,retrieved,2026-09-26T19:12:09.590519+00:00,11519,8d0d50eb6e153a9651456c0731ddebdb7ee9197eb3550715c85a2f35c2c0ff19,
https://www.basepowercompany.com/centerpoint/how-it-works,How it works | CenterPoint x Base Power,base_sitemap,retrieved,2026-09-26T19:12:09.594328+00:00,23580,6a0dc630a1702606bba42b7708cfb60a031bd8d39436ac47f4a32de7b28e3bc4,
https://www.basepowercompany.com/centerpoint/reviews,Reviews | CenterPoint x Base Power,base_sitemap,retrieved,2026-09-26T19:12:09.600714+00:00,36522,3d871d7a0754ebc691dabbfed1edaf0d23f04a41ebc2af41637b87af9ad85a55,
https://www.basepowercompany.com/commercial-form,Commercial Lead Form | Base Power,base_sitemap,minimal_content,2026-09-26T19:12:09.611547+00:00,47,b3875d9d37226d4d9b0885d8691ede9b5752d2fdf1c90f54da9fdf52195ea963,
https://www.basepowercompany.com/compare,Texas Electricity Rates | Find the Best Electric Rates | Base Power,base_sitemap,retrieved,2026-09-26T19:12:09.612002+00:00,10965,b88cb51ee783e48b12451a641aa2160e39fa33054db698fa68b557e1a438e5d3,
https://www.basepowercompany.com/consultation,Talk to an Energy Advisor | Base Power,base_sitemap,retrieved,2026-09-26T19:12:09.613408+00:00,5172,d0b1f1ea75f48eb08623b1265db6b6e85c98dc4bda6c479ee4e31d7dd751c19d,
https://www.basepowercompany.com/content-partnerships,Content Partnerships | Base Power,base_sitemap,minimal_content,2026-09-26T19:12:09.614081+00:00,47,572fd148a66152ffe7a0307025d14e14f966a96ecbd25a9ef26f47d6d4e7ef88,
https://www.basepowercompany.com/core,Base Core | Base Power,base_sitemap,retrieved,2026-09-26T19:12:09.614625+00:00,14470,bbae633c3f04d194b3e331eb769114a7be9063a2cc2395fa2041e936445943ed,
https://www.basepowercompany.com/core-form,Core Form | Base Power,base_sitemap,minimal_content,2026-09-26T19:12:09.617036+00:00,36,6cfd2aeb40723dfe4edc2d4aaff96affc3289c962c420b8a17026d73afcd4ba4,
https://www.basepowercompany.com/coserv,CoServ home backup | Base Power,base_sitemap,retrieved,2026-09-26T19:12:13.083495+00:00,22029,bd58e90003a3f46954601f3b2eae461d1386e21a83f96dc6aa8a86ffd155e438,
https://www.basepowercompany.com/critical-chronic-care,Critical & chronic care resources | Base Power,base_sitemap,retrieved,2026-09-26T19:12:13.089314+00:00,7669,4831849d3e5b9ff4acc3ec8feb1746e1777ea5c980d0daa336e36876bbac902f,
https://www.basepowercompany.com/deck,Base Power Overview,base_sitemap,retrieved,2026-09-26T19:12:13.090135+00:00,4464,bf936e230871b79bd49c7de600a5a50e96f0324d4375e81a10d3cd4d73573dbc,
https://www.basepowercompany.com/download,Download the Base Power app | Base Power,base_sitemap,retrieved,2026-09-26T19:12:13.090882+00:00,5259,dbffb2e5dbaeebc999a01fbeef2ffb8bc654d1fb727d6ec304adc85ef8f1652f,
https://www.basepowercompany.com/duration-calculator,Calculate Backup Duration | Base Power,base_sitemap,retrieved,2026-09-26T19:12:13.091619+00:00,7872,1cf96f0c5b8716fb673782afbc9ca2e6051812491d10639267a348bf3ee6d0a9,
https://www.basepowercompany.com/efl,Electricity Facts Labels (EFLs) & documents | Base Power,base_sitemap,retrieved,2026-09-26T19:12:13.092641+00:00,6178,9b1002595fa19918fe5a7ecf31696d59019c3d944f64ca2140830763c2bd3c0e,
https://www.basepowercompany.com/electricity,Electric Companies in Texas by City (2026) | Base Power,base_sitemap,retrieved,2026-09-26T19:12:13.093522+00:00,5699,4a469c6bb17d16afd870f78307286ec1361818f94433f0c091c33e39196b4ccb,
https://www.basepowercompany.com/electricity-rates,Texas electricity rates by city (2026) | Base Power,base_sitemap,retrieved,2026-09-26T19:12:13.094257+00:00,5304,19064f7945c05ab07f37e5623f927284df54d71bddf6c7adb13a0ae8a47d2f70,
https://www.basepowercompany.com/electricity-rates/baytown-tx,"Baytown Electricity Rates (2026) | Base PowerBaytown, Texas city limits",base_sitemap,retrieved,2026-09-26T19:12:13.095000+00:00,13133,4541ea01612d43c2bb7968e87dc0df1c1eb03b6654d8d57a13118bbc2092554d,
https://www.basepowercompany.com/electricity-rates/carrollton-tx,"Carrollton Electricity Rates (2026) | Base PowerCarrollton, Texas city limits",base_sitemap,retrieved,2026-09-26T19:12:13.096371+00:00,13118,2b080cb95edf43f9be2cd89150f4587e5a46b4f165d580a973f770e5220c3614,
https://www.basepowercompany.com/electricity-rates/cedar-park-tx,"Cedar Park Electricity Rates (2026) | Base PowerCedar Park, Texas city limits",base_sitemap,retrieved,2026-09-26T19:12:13.097760+00:00,13414,5142e6155c759309be03411c1a8e9937fb32d44ca3a48aed386b8b38f6537b2d,
https://www.basepowercompany.com/electricity-rates/conroe-tx,"Conroe Electricity Rates (2026) | Base PowerConroe, Texas city limits",base_sitemap,retrieved,2026-09-26T19:12:13.099239+00:00,13172,ec058997842a4ecdb7b4752e0317bb2d9fd18c94fddc8b803caaf40217b1fec0,
https://www.basepowercompany.com/electricity-rates/corpus-christi-tx,"Corpus Christi Electricity Rates (2026) | Base PowerCorpus Christi, Texas city limits",base_sitemap,retrieved,2026-09-26T19:12:13.100722+00:00,13672,da073d30ed5a76824485d0c2885a1241c293979f9dce88e8da90ea6cd5cad387,
https://www.basepowercompany.com/electricity-rates/dallas-tx,"Dallas Electricity Rates (2026) | Base PowerDallas, Texas city limits",base_sitemap,retrieved,2026-09-26T19:12:13.102105+00:00,13410,4e94a51dfd8eda0e2c9624df581ccb01a921550f0cae70284894c1d2d439266b,
https://www.basepowercompany.com/electricity-rates/dallas-tx-business,"Business electricity rates in Dallas, TX | Base PowerDallas, Texas city limits",base_sitemap,retrieved,2026-09-26T19:12:13.103466+00:00,11906,360b18c39353da7aa5960a72c9a74628dbc3d7e342090e99ed0f70f5f51d805e,
https://www.basepowercompany.com/electricity-rates/fort-worth-tx,"Fort Worth Electricity Rates (2026) | Base PowerFort Worth, Texas city limits",base_sitemap,retrieved,2026-09-26T19:12:18.481266+00:00,13592,57737be3e879c803c1c59a466ca331fe743db029bc6ff146873ab3a38ad5c735,
https://www.basepowercompany.com/electricity-rates/frisco-tx,"Frisco Electricity Rates (2026) | Base PowerFrisco, Texas city limits",base_sitemap,retrieved,2026-09-26T19:12:18.483111+00:00,12874,02df76ec4da620d787f0991fb61b8ef10495aeb29d68b0e1e71e3326cd76a8b9,
https://www.basepowercompany.com/electricity-rates/garland-tx,"Garland Electricity Rates (2026) | Base PowerGarland, Texas city limits",base_sitemap,retrieved,2026-09-26T19:12:18.484503+00:00,14073,3862381ee2a6dc713edf38f3e58796eb89636f0dc3611dc1c020ee319ec4f013,
https://www.basepowercompany.com/electricity-rates/houston-tx,"Houston Electricity Rates (2026) | Base PowerHouston, Texas city limits",base_sitemap,retrieved,2026-09-26T19:12:18.486701+00:00,13686,fc6806384babfe4388ab6098c89c2f3eaee6fc73de81e35544dff661ce0e7c4a,
https://www.basepowercompany.com/electricity-rates/houston-tx-business,"Business electricity rates in Houston, TX | Base PowerHouston, Texas city limits",base_sitemap,retrieved,2026-09-26T19:12:18.488466+00:00,12190,0b716e947d63a12758bd2eb0f3090d4822c1897f2922924ba1289362d021cc70,
https://www.basepowercompany.com/electricity-rates/irving-tx,"Irving Electricity Rates (2026) | Base PowerIrving, Texas city limits",base_sitemap,retrieved,2026-09-26T19:12:18.490201+00:00,13139,445685baa91ffec2988035334a9b7c936c151ce5dca4e9629537a2329083d9c0,
https://www.basepowercompany.com/electricity-rates/lewisville-tx,"Lewisville Electricity Rates (2026) | Base PowerLewisville, Texas city limits",base_sitemap,retrieved,2026-09-26T19:12:18.492330+00:00,13509,f22ac75a1f65cad231e82aafb7f5ee476b3289323bf979c9a8d6d75cafc3509f,
https://www.basepowercompany.com/electricity-rates/mckinney-tx,"McKinney Electricity Rates (2026) | Base PowerMcKinney, Texas city limits",base_sitemap,retrieved,2026-09-26T19:12:18.494058+00:00,13216,a937f9fa41b48f9c88eecce19ae920da14296b226fa9810ecbe6a1a00163c791,
https://www.basepowercompany.com/electricity-rates/plano-tx,"Plano Electricity Rates (2026) | Base PowerPlano, Texas city limits",base_sitemap,retrieved,2026-09-26T19:12:18.496082+00:00,13246,f3734baa59859c7fc4035a1c78e23a3fa291268574eb75cf9324c7c0f1646f2d,
https://www.basepowercompany.com/electricity-rates/round-rock-tx,"Round Rock Electricity Rates (2026) | Base PowerRound Rock, Texas city limits",base_sitemap,retrieved,2026-09-26T19:12:18.497940+00:00,13195,0abd8622cf3b071e0836ee725605b9355d755f3c51b78c4d84b762b9b36678e4,
https://www.basepowercompany.com/electricity/corpus-christi-tx,Electric Companies Corpus Christi (2026) | Base Power,base_sitemap,retrieved,2026-09-26T19:12:18.499922+00:00,12826,e6ba06eea44e48925130b89fbfe714a9af2930d49f4b2b0b2021a1b59568217d,
https://www.basepowercompany.com/electricity/dallas-tx,"Electricity providers in Dallas, TX (2026) | Base Power",base_sitemap,retrieved,2026-09-26T19:12:18.500964+00:00,13486,599adfbe45cfa4578d70f9830b7694779377ca9901805237442f8900d8511136,
https://www.basepowercompany.com/electricity/fort-worth-tx,Electric Companies in Fort Worth (2026) | Base Power,base_sitemap,retrieved,2026-09-26T19:12:18.502079+00:00,12713,23432736c4d8f41b5aa77d9889f2b06ac80cf1a9cfa03ad49e0db49516455a1d,
https://www.basepowercompany.com/electricity/frisco-tx,Frisco Electric Companies (2026) | Base Power,base_sitemap,retrieved,2026-09-26T19:12:18.503427+00:00,12502,a66639f7c93669ee69078b13426866dd4173acdfe1b132ea6e9661f94d9a5c0c,
https://www.basepowercompany.com/electricity/houston-tx,Houston Electricity Providers (2026) | Base Power,base_sitemap,retrieved,2026-09-26T19:12:18.504559+00:00,14161,b800eb0728803ce4af05def65613a4ba241d709f69bbb24fd97ca071d2040e15,
https://www.basepowercompany.com/electricity/irving-tx,"Electric companies in Irving, TX (2026) | Base Power",base_sitemap,retrieved,2026-09-26T19:12:23.511574+00:00,12352,75e46104542949e068ee2dbc9a8cb5573df0747f756d14eaaeaf22c9266a6867,
https://www.basepowercompany.com/electricity/plano-tx,Plano Electricity Providers (2026) | Base Power,base_sitemap,retrieved,2026-09-26T19:12:23.512591+00:00,12469,0b585f23e45bc95e3d6bb0a1d701f6e2f7fd2675200160643dca7bb0c325fdef,
https://www.basepowercompany.com/electricity/sugar-land-tx,Sugar Land Electricity Providers (2026) | Base Power,base_sitemap,retrieved,2026-09-26T19:12:23.513559+00:00,12644,85e644ca7cd1f3015ee4b74cae8a20e72ec969e6452880a6a244b0ed78d7ca85,
https://www.basepowercompany.com/electricity/victoria-tx,"Electric Companies in Victoria, TX (2026) | Base Power",base_sitemap,retrieved,2026-09-26T19:12:23.514453+00:00,12648,246388cc047190eb17b951df3b8a35ad8f71b122011792eb4c34e9199a68cda1,
https://www.basepowercompany.com/electricity/waco-tx,"Electric Companies in Waco, TX (2026) | Base Power",base_sitemap,retrieved,2026-09-26T19:12:23.515340+00:00,12756,c6c27b7d54c2f71157d59e5b52d4e6f42e50f0cbc3031a81812628e88c7413bb,
https://www.basepowercompany.com/energy,Affordable Electricity Companies | Affordable Rates | Base Power,base_sitemap,retrieved,2026-09-26T19:12:23.516303+00:00,13308,bc0e485c888fc6dada37943b73a469544dcda9415546b50c0a35467b8e20f9f7,
https://www.basepowercompany.com/energy-2,"Low-cost, fixed-rate energy | Base Power",base_sitemap,retrieved,2026-09-26T19:12:23.519758+00:00,13284,8fce3ed7e833809671c671c64676a5d862e666681a28925d6538ea7f121ce2b4,
https://www.basepowercompany.com/energy-3,"Low-cost, fixed-rate energy | Base Power",base_sitemap,retrieved,2026-09-26T19:12:23.522784+00:00,13284,0087332db5f16a53f2ddd934060949a9db1742c9c48271d4f882c3706167a6ac,
https://www.basepowercompany.com/energy-only-reliant,Pay less than Reliant | Base Power,base_sitemap,retrieved,2026-09-26T19:12:23.526037+00:00,13413,258c68931441771a094366bd9b81f088d67959a7f60cc1373f56a8eb35be67b4,
https://www.basepowercompany.com/energy-only-txu,Pay less than TXU | Base Power,base_sitemap,retrieved,2026-09-26T19:12:23.529369+00:00,13397,f5252d5f61acc99435c2801f59f3555a8bc09aca64aad1d0469af888d0d58383,
https://www.basepowercompany.com/energy-policy,Energy policy | Base Power,base_sitemap,retrieved,2026-09-26T19:12:23.532619+00:00,5917,811f7f28e8313be8d807bb80a9a066c7f4c37038394d00787ad116f518c326e7,
https://www.basepowercompany.com/epelectric,El Paso Electric home backup | Base Power,base_sitemap,retrieved,2026-09-26T19:12:23.534069+00:00,22192,60dbe614c4f76c3ded8618d282ac57f3ef8fd6752f96cc8ab15f12e4aaaae763,
https://www.basepowercompany.com/farmers,Farmers home backup | Base Power,base_sitemap,retrieved,2026-09-26T19:12:23.544715+00:00,21275,b25a4ab7c8d1bc4bcc31fe2e3cea672b81f5788dc212ad0c3db5b9fb8acec9ac,
https://www.basepowercompany.com/farmers/how-it-works,How it works | Farmers x Base Power,base_sitemap,retrieved,2026-09-26T19:12:23.553338+00:00,18220,dbbd19aab6b1297ab56f7ca4e9e58a7b9af742f0da2f92e8d46f1bb1550b03f8,
https://www.basepowercompany.com/farmers/reviews,Reviews | Farmers x Base Power,base_sitemap,retrieved,2026-09-26T19:12:23.555753+00:00,18919,39ad28d48d1fb99e16abf53d07e477caae483d3f91a158eb2c97813eeb346325,
https://www.basepowercompany.com/feedback,Share Feedback About Base | Base Power,base_sitemap,minimal_content,2026-09-26T19:12:28.262763+00:00,52,d33182014620cf23cee7a6afd0b158bff04ca53bed0f255669175c2c42952b3d,
https://www.basepowercompany.com/field,Join the Base Field Team | Base Power Company Careers,base_sitemap,retrieved,2026-09-26T19:12:28.263247+00:00,9173,11a9354bc353ed7058e508b3570a337ada886150980dcb1fd49e7082bf183e83,
https://www.basepowercompany.com/generator-port,Generator Port | Base Power Company,base_sitemap,retrieved,2026-09-26T19:12:28.264266+00:00,3977,c2696a012abb9161edb325a36584babe67236eea990ee49fd6b3309d682d7856,
https://www.basepowercompany.com/get-started,Get Started With Base Power | Reliable Energy + Backup,base_sitemap,retrieved,2026-09-26T19:12:28.264830+00:00,3184,0ad0740530e4d9c6f967879db879f496286ef51a7c52c7561e0e39227bba5ddf,
https://www.basepowercompany.com/gvec,GVEC home backup | Base Power,base_sitemap,retrieved,2026-09-26T19:12:28.265421+00:00,22038,7ff3e414a52893470898bec180c7f8878ce82b6b1ab1f52a2222ce23ce9c1ab3,
https://www.basepowercompany.com/homebuilders,Homebuilder partnerships | Base Power,base_sitemap,retrieved,2026-09-26T19:12:28.269548+00:00,7980,39563d2907e7cbad5e9706ee4a1f92a3d4fa11e28e372b2742a5eb4199150413,
https://www.basepowercompany.com/how-it-works,How it works | Base Power,base_sitemap,retrieved,2026-09-26T19:12:28.271228+00:00,24833,b689f58d14b01208c592b3b42284defa2d9900b006a4193e570eee1ce069e38f,
https://www.basepowercompany.com/illinois,"Affordable, reliable home power in Illinois | Base Power",base_sitemap,retrieved,2026-09-26T19:12:28.273911+00:00,39986,011ef6ec463552ba18d40b5d122550cb8fc4286561ed180bb62c19d9533547a2,
https://www.basepowercompany.com/illinois-2,"Affordable, reliable home power in Illinois | Base Power",base_sitemap,retrieved,2026-09-26T19:12:28.276516+00:00,39933,1f344aa1cc4bd26c3a4ad855ff7e446f22524a22e2edd5473eb51eb91f502318,
https://www.basepowercompany.com/illinois-press,Base Power launches in Illinois | Press Release,base_sitemap,retrieved,2026-09-26T19:12:28.279196+00:00,7887,bd4b2a277667c72cfa1bcd29efd062b598dbb07c362c39cda14896ceb72e7f16,
https://www.basepowercompany.com/install-partners,Installer partnerships | Base Power,base_sitemap,retrieved,2026-09-26T19:12:28.279836+00:00,10301,e716e375e715720cc375eb7aa31613b4e298b475db4bd294ec2a0641bc310f06,
https://www.basepowercompany.com/involuntary-load-shedding-notice,Involuntary Load Shedding Notice | Base Power Company,base_sitemap,retrieved,2026-09-26T19:12:28.281470+00:00,6630,b4e1ee7109218848818230880e57688e0fce4adb447b4d9c930e18a4c22c441d,
https://www.basepowercompany.com/learn,Learn How Base Works | Base Power,base_sitemap,retrieved,2026-09-26T19:12:28.282228+00:00,12660,4f8ebda68dfbf1a824a40124d91a45d0c351246eccfc7f3187b564b6ba228503,
https://www.basepowercompany.com/member-stories/bob,Bob A.'s Base Story | Base Power Company,base_sitemap,retrieved,2026-09-26T19:12:28.283373+00:00,10499,bdc8a407568c81f4e0066f0e8d6ffa6620dcfbd8573dc058311f9a66a8e8919e,
https://www.basepowercompany.com/member-stories/boz,Boz S.'s Base Story | Base Power Company,base_sitemap,retrieved,2026-09-26T19:12:28.284202+00:00,12071,89088c5f74be7fd84d7639d302dab44e1ffb703f4828e0ff9d0efdc300ab94a6,
https://www.basepowercompany.com/member-stories/carla,Carla C.'s Base Story | Base Power Company,base_sitemap,retrieved,2026-09-26T19:12:32.499357+00:00,9857,80bd37e4c2cf3995796bb8e81d54f615095f0c05083d7aeb3e354073dfeebe03,
https://www.basepowercompany.com/member-stories/jason,Jason B.'s Base Story | Base Power Company,base_sitemap,retrieved,2026-09-26T19:12:32.500411+00:00,9386,edad7692c637af3be37480bca8feb1116839bf548e6a3b110ed0280d7f9a5ab8,
https://www.basepowercompany.com/member-stories/maria,Maria P.'s Base Story | Base Power Company,base_sitemap,retrieved,2026-09-26T19:12:32.501385+00:00,8705,09ddc940495c634fd882a8b2dbaf92d666470919f98864e35f5f9cf71250eb1a,
https://www.basepowercompany.com/member-stories/matt-m,Matt M.'s Base Story | Base Power Company,base_sitemap,retrieved,2026-09-26T19:12:32.502278+00:00,9011,e615576153be358635a931e1b545b69ad1bd8f1f6bbd4cde5fb491f783b9369e,
https://www.basepowercompany.com/member-stories/nikki-mike,Nikki & Mike's Base Story | Base Power Company,base_sitemap,retrieved,2026-09-26T19:12:32.503164+00:00,8638,e7d95c0cf23b2166ab0c6f0f89ed4e612e05c24a633c75fac2bd44d9e6ba3e0d,
https://www.basepowercompany.com/month-to-month-electricity-texas,Month-to-month electricity in Texas: how no-contract plans work,base_sitemap,retrieved,2026-09-26T19:12:32.504069+00:00,16587,701e075c9afc73e00d1c0ff33886c61677bebf015ee9c0f48a35a43f9f5b1032,
https://www.basepowercompany.com/nps,Rate your Base experience | Base Power,base_sitemap,minimal_content,2026-09-26T19:12:32.505079+00:00,52,54c79b1db74bc474646852e751c08f81c004c9199d46e46ed5364cf33b569810,
https://www.basepowercompany.com/oncor,Oncor and Base Power | Base Power Company,base_sitemap,retrieved,2026-09-26T19:12:32.505587+00:00,18504,a4d6b418a4f8d5b6771c9d6723f49337589b3327afd143dd661331d67e2ca175,
https://www.basepowercompany.com/oncor/core,Base Core | Oncor x Base Power,base_sitemap,retrieved,2026-09-26T19:12:32.509234+00:00,9694,6e98dc2b0f1e7496dfa5296c048082dbd29c8d7d22943697a0f25f5a6bb5c487,
https://www.basepowercompany.com/oncor/energy,Energy plans for Oncor customers | Base Power,base_sitemap,retrieved,2026-09-26T19:12:32.510294+00:00,11500,d5d5f02f34adf08397350508b9ad07d59dac28ab66346bcf7947f11f80a5c1cf,
https://www.basepowercompany.com/oncor/how-it-works,How it works | Oncor x Base Power,base_sitemap,retrieved,2026-09-26T19:12:32.513377+00:00,23568,e80e2e685ebf0890d3cbad50f2ab21d8f30a7c155d19d2060555dedc6b2d7777,
https://www.basepowercompany.com/oncor/reviews,Reviews | Oncor x Base Power,base_sitemap,retrieved,2026-09-26T19:12:32.520288+00:00,36516,e58c5e70f720366c46f82992c8631139e7a1832f3987b2d59a85fa7488c03964,
https://www.basepowercompany.com/open-roles,Open roles | Join Base Power Company,base_sitemap,retrieved,2026-09-26T19:12:32.534941+00:00,5084,d50aa2cbf9dcc7c1368acf4c6c764c3b58551746c1829e5d3e8b54e05782e716,
https://www.basepowercompany.com/partnerships,Base Partnerships Interest Form | Base Power,base_sitemap,minimal_content,2026-09-26T19:12:32.535718+00:00,58,8f00e8adb56b32d6f89fd0f7f803aa4b44c7e5495d99ef9bc7760c237bca8980,
https://www.basepowercompany.com/press,Base Power News & Press | Energy Innovation in Texas,base_sitemap,retrieved,2026-09-26T19:12:32.536192+00:00,10849,fba43d1a9dbde8cbfc46248fb4e7a830de1d6cc9586aa88954650a6330201487,
https://www.basepowercompany.com/pricing,Find Base plans by area | Base Power,base_sitemap,retrieved,2026-09-26T19:12:37.601633+00:00,6070,27a96e46fc024c6557502fcee30acbbaa44184dd6254ec147c2e94512efc5da7,
https://www.basepowercompany.com/privacy-policy,Privacy policy | Base Power,base_sitemap,retrieved,2026-09-26T19:12:37.602648+00:00,18081,8c49e3a3aba615dc582eac8538edc0ddfa597c9f99c9253a3a5bcff79b30f20f,
https://www.basepowercompany.com/promo-terms,Promotional terms & conditions | Base Power,base_sitemap,retrieved,2026-09-26T19:12:37.603559+00:00,19952,dc17341334a98ee28c11f6ac34aa1829eda752d462715ce6745ac7e39495d172,
https://www.basepowercompany.com/puc-contact,Contact the Public Utility Commission of Texas | Base Power,base_sitemap,retrieved,2026-09-26T19:12:37.604453+00:00,5745,04c6dabca08118650594538e2785728515d35cdacd9875dc44b4a70a6329d620,
https://www.basepowercompany.com/refer,Refer a Neighbor | Base Power,base_sitemap,minimal_content,2026-09-26T19:12:37.605190+00:00,43,5b7cf8d5a01d49e14917cdab5c9a1fc3f330ae0b0376f9bee8c081bff2362754,
https://www.basepowercompany.com/report-a-power-outage,Report a power outage | Base Power,base_sitemap,retrieved,2026-09-26T19:12:37.605587+00:00,6381,b640906ed37f0b9ab328c27b514c1898073199155bd5fb812629482bb645c28f,
https://www.basepowercompany.com/reviews,Base Power Reviews | Real Customer Experiences in Texas,base_sitemap,retrieved,2026-09-26T19:12:37.606622+00:00,38324,a0e448c53678dd4a7c621122b3fda51f91f1ce44090019854b6bf82dba068398,
https://www.basepowercompany.com/reviews/base-vs-ambit-tx-business,Base vs. Ambit: business rates | Base Power,base_sitemap,retrieved,2026-09-26T19:12:37.616574+00:00,11472,3e87fe25227ccbe740e4f17694288b55cb64e5962d10ee55317dafd9a021ed0e,
https://www.basepowercompany.com/reviews/base-vs-apge-tx-business,Base vs. APG&E: business rates | Base Power,base_sitemap,retrieved,2026-09-26T19:12:37.617813+00:00,11423,5963f5112a19ba9c367d89413130a493e63285e19c94cba14ea37ec2d22bc45c,
https://www.basepowercompany.com/reviews/base-vs-champion-tx-business,Base vs. Champion: business rates | Base Power,base_sitemap,retrieved,2026-09-26T19:12:37.619006+00:00,11667,2257805435f39908aaa448d86ad95f5949042b6a3f41a63e86b8184af2860cf5,
https://www.basepowercompany.com/reviews/base-vs-chariot-tx-business,Base vs. Chariot: business rates | Base Power,base_sitemap,retrieved,2026-09-26T19:12:37.620246+00:00,11975,69cd45423828a7c70c17b0733c6c8a3e58717af3d85145b209c1d7bdde8ce3f8,
https://www.basepowercompany.com/reviews/base-vs-cirro-tx-business,Base vs. Cirro: business rates | Base Power,base_sitemap,retrieved,2026-09-26T19:12:37.621458+00:00,11272,a413e3c66c8b930d4983fbd508953da6678ea5569c431a329ce412e311698f53,
https://www.basepowercompany.com/reviews/base-vs-constellation-tx-business,Base vs. Constellation: business rates | Base Power,base_sitemap,retrieved,2026-09-26T19:12:37.622705+00:00,11247,645ccc91d3ac948e24716e670e379778e0a60ad104e82fe0e4ead9f6508d4948,
https://www.basepowercompany.com/reviews/base-vs-direct-energy-tx-business,Base vs. Direct Energy: business rates | Base Power,base_sitemap,retrieved,2026-09-26T19:12:37.623875+00:00,12583,100d9ebd89acfb0767bfb1fb02b6d37d73c81c54a3b2c67e91f32c9057fe1fb2,
https://www.basepowercompany.com/reviews/base-vs-engie-tx-business,Base vs. ENGIE: business rates | Base Power,base_sitemap,retrieved,2026-09-26T19:12:37.625060+00:00,11893,20af070638c27c6658b5f87bf148b6b9d84ea8fc215a65585ef2d2e328310097,
https://www.basepowercompany.com/reviews/base-vs-hudson-energy-tx-business,Base vs. Hudson Energy: business rates | Base Power,base_sitemap,retrieved,2026-09-26T19:12:41.160148+00:00,12071,471d9c4ca8a6f36fb6301cda815f966833a9f64286d0de1554ebacdec12f3f13,
https://www.basepowercompany.com/reviews/base-vs-just-energy-tx-business,Base vs. Just Energy: business rates | Base Power,base_sitemap,retrieved,2026-09-26T19:12:41.161565+00:00,11844,bd1873b2e7b9430154c5072003a28464f96156c08b5294071c6d48e559a9d695,
https://www.basepowercompany.com/reviews/base-vs-reliant-tx-business,Base vs. Reliant: business rates | Base Power,base_sitemap,retrieved,2026-09-26T19:12:41.162908+00:00,11904,70bf09d22ba7d9703b401eb7d0d851861c21a5f7863f489847441772c3064382,
https://www.basepowercompany.com/reviews/base-vs-tara-commercial-energy-tx-business,Base vs. Tara Commercial Energy: business rates | Base Power,base_sitemap,retrieved,2026-09-26T19:12:41.164183+00:00,12537,d4a6458c30092df959c148e18ea91d9610839be23d60ce38d6299f9a26cad47a,
https://www.basepowercompany.com/reviews/base-vs-txu-tx-business,Base vs. TXU: business rates | Base Power,base_sitemap,retrieved,2026-09-26T19:12:41.165437+00:00,11310,0ab0aa123cc4dfdea386c38328e1d30a2e2ec1e87e6f31544d930fb370e9623b,
https://www.basepowercompany.com/reviews/cirro-energy,"Cirro Energy review (2026): plans, rates & how it compares",base_sitemap,retrieved,2026-09-26T19:12:41.166696+00:00,13941,e289b2889d56b9e76e0464178aa6f526733681b8d92e497c0b0ce7b497eb787d,
https://www.basepowercompany.com/reviews/constellation-energy,Constellation Energy review (2026): plans & how it compares,base_sitemap,retrieved,2026-09-26T19:12:41.167823+00:00,14688,f2bd915f972335a0a565a8691a8eb30d29bb2e9b55ed482cddbff3ad956a803f,
https://www.basepowercompany.com/reviews/gexa-energy,"Gexa Energy review (2026): plans, rates & how it compares",base_sitemap,retrieved,2026-09-26T19:12:41.168991+00:00,15546,5290818709d8b7adaa256cf6ad0d4e00dda3ef9634966df1ef7385977e818d01,
https://www.basepowercompany.com/reviews/green-mountain-energy,Green Mountain Energy review (2026): plans & how it compares,base_sitemap,retrieved,2026-09-26T19:12:41.170170+00:00,15593,f048fb07d10a33fdd5f39d5f389da18881a72ffc863d1fc8b2015b55435cd841,
https://www.basepowercompany.com/reviews/reliant-energy,"Reliant Energy review (2026): plans, rates & how it compares",base_sitemap,retrieved,2026-09-26T19:12:41.171328+00:00,15224,ee1ce635e9d4921dc767e23082140b9d962b1b6fa292460ce9db4d0bc651bb9a,
https://www.basepowercompany.com/reviews/rhythm-energy,"Rhythm Energy review (2026): plans, rates & how it compares",base_sitemap,retrieved,2026-09-26T19:12:41.172520+00:00,15828,c523316ca81acfa8fa97602cb2d6c51bee7980481ea0e7f787847e243bbb9116,
https://www.basepowercompany.com/reviews/txu-energy,"TXU Energy review (2026): plans, rates & how it compares",base_sitemap,retrieved,2026-09-26T19:12:41.173684+00:00,15360,7a79622cb7932e7e402e252d24c961d1c37e7e906a915e48659b578e1afd6e71,
https://www.basepowercompany.com/rizzo,Anthony Rizzo x Base Power,base_sitemap,retrieved,2026-09-26T19:12:41.174960+00:00,41923,66cb2b31654d3448892f35e7fb3171ff388cdae9dc5b96d2604fcc748277d0af,
https://www.basepowercompany.com/same-day-electricity-texas,Same-day electricity in Texas: how to get power on today,base_sitemap,retrieved,2026-09-26T19:12:41.182225+00:00,16004,010d0df1f118fedd90d91d8d8cca58993e96d13dd38dfd1020012c5195eb7c5f,
https://www.basepowercompany.com/schedule-call,Schedule A Call | Base Power,base_sitemap,retrieved,2026-09-26T19:12:41.183206+00:00,435,8ad5b85b945253fb8a059d72bc57e556ce0d2709c624fbd1811355376f03b4af,
https://www.basepowercompany.com/security-feedback,Provide Security Feedback | Base Power,base_sitemap,minimal_content,2026-09-26T19:12:45.394509+00:00,52,beae154e6bfe643c86d83ac3b16af6733383b26ef48afdf7370d616771ca8175,
https://www.basepowercompany.com/sms-terms,SMS communications terms of service | Base Power,base_sitemap,retrieved,2026-09-26T19:12:45.395006+00:00,10431,7af12d56e77d8c272b461c6312cd587b5a8c6deac62de86f8241938f78c40e6d,
https://www.basepowercompany.com/specs,Base Power Battery Specifications | Compare Models,base_sitemap,retrieved,2026-09-26T19:12:45.395915+00:00,5167,ea596a76b397da317504eab3f0d3fa31ebfc6e4a0c8e372a744571a83542a85d,
https://www.basepowercompany.com/specs/core,Base Core System Specifications | Home Battery Specs | Base Power,base_sitemap,retrieved,2026-09-26T19:12:45.396719+00:00,8064,5f2f6ea4ddbdc657ca735101a9159b65dd23f5166b5a6df87b924e4917179f8b,
https://www.basepowercompany.com/specs/ground-mounted,Ground Mounted Battery System Specs (25/50 kWh) | Base Power,base_sitemap,retrieved,2026-09-26T19:12:45.397702+00:00,8046,0db4aeb00ce1d8332206f024f2b8baf50da67ea3fddc9717c0dc946ab0c1b1b4,
https://www.basepowercompany.com/stories,Hear From Base Members | Base Power Company,base_sitemap,retrieved,2026-09-26T19:12:45.398697+00:00,16394,c19c77edd54dbeacdc95f014c678f89b793c3fa2b6484bc949811676c9c959d6,
https://www.basepowercompany.com/t-and-c,Purchase order terms & conditions | Base Power,base_sitemap,retrieved,2026-09-26T19:12:45.400813+00:00,108,f591533e214b5ad19b3bdb53a456ba12ccbd274608da2cc770ddbc2eb3ffa03b,
https://www.basepowercompany.com/terms-of-service,Terms of Service | Base Power,base_sitemap,retrieved,2026-09-26T19:12:45.401163+00:00,22435,3723b69af62bf29970b17005db73be7fcc2b42f6db3abed7c9397f7dec8b3275,
https://www.basepowercompany.com/usermanual,Base battery user manual | Base Power,base_sitemap,retrieved,2026-09-26T19:12:45.402066+00:00,5093,b0f7e3aa7ff6826bfc901f22b990ab376afe04b37d68982b3195772af30052fa,
https://www.basepowercompany.com/utilities,Utility partnerships,base_sitemap,retrieved,2026-09-26T19:13:02.573805+00:00,8210,955c0fd871e299960475d0a5bd2e9e82de083344f412a577ee7a876ad1c2f849,
https://www.basepowercompany.com/utilities/aep-texas,"AEP Texas: service area, delivery rates & how it works",base_sitemap,retrieved,2026-09-26T19:12:45.404250+00:00,14757,1214b9e9e31bdc6b73dc60f3ec493c649cfef2752fda39d4a6c7dc3ff948bac9,
https://www.basepowercompany.com/utilities/centerpoint-energy,CenterPoint Energy: Houston service area & rates (2026),base_sitemap,retrieved,2026-09-26T19:12:45.405253+00:00,14364,487fa5c1d5756b3c6550cfc8c6a987e49e031764c1aa56dd6986b68b946f8154,
https://www.basepowercompany.com/utilities/oncor,"Oncor service area, delivery rates & how it works | Base",base_sitemap,retrieved,2026-09-26T19:12:45.408173+00:00,14121,8ede44971de85e022d411180a305d14316b3389c2b6bcb75615ec2046924e734,
https://www.basepowercompany.com/utilities/tnmp,"TNMP: service area, delivery rates & how it works (2026)",base_sitemap,retrieved,2026-09-26T19:12:45.409517+00:00,14566,a056ccb27dda5f47852708b6aa94807f0546a73db3c8c99aab0ab234a601d2a9,
https://www.basepowercompany.com/video/adding-a-battery,Adding a battery | Base Power,base_sitemap,retrieved,2026-09-26T19:12:45.410729+00:00,5132,d6e950fb9c9cffbf8675c4e6b99f343a261bac0b76d8fbdc25e962c569edc71a,
https://www.basepowercompany.com/video/base-as-an-energy-provider,Base as an energy provider | Base Power,base_sitemap,retrieved,2026-09-26T19:12:47.799922+00:00,5141,277ff5d702f80b81d0d69e7da091ed2cef8784aa16946f6ff0f385497b51a6de,
https://www.basepowercompany.com/video/base-power-overview,Base Power overview | Base Power,base_sitemap,retrieved,2026-09-26T19:12:47.800962+00:00,5109,0877307fb34fa8244ca0dda08f52203f9ec2a744ecd764410a6a7ec1cd023710,
https://www.basepowercompany.com/video/energy-rate-overview,Energy rate overview | Base Power,base_sitemap,retrieved,2026-09-26T19:12:47.801781+00:00,5105,164e096e557a30e91e4431f118b097ae40dfb57450cc3a68bd2f34684b075a5e,
https://www.basepowercompany.com/video/moving-with-base,Moving with Base | Base Power,base_sitemap,retrieved,2026-09-26T19:12:47.804221+00:00,5102,3e51dc7de2def46565003f5dfa2b0f430a4399c1e9f09be3d22d40baa35b081a,
https://www.basepowercompany.com/video/referral-program,Referral program | Base Power,base_sitemap,retrieved,2026-09-26T19:12:47.805007+00:00,5114,836f7ef67c6f71dde0cd86682e3deb680afba306820a9df407c85882d4210404,
https://www.basepowercompany.com/video/setup,Getting set up with Base | Base Power,base_sitemap,retrieved,2026-09-26T19:12:47.805778+00:00,5120,17062d5f7e69cea528610f4101f507228d1e7af9f4bccc8c6233117c2fd3b1fd,
https://www.basepowercompany.com/waitlist,Join the Base Power waitlist | Base Power,base_sitemap,retrieved,2026-09-26T19:12:47.806494+00:00,212,45011fda02c4ddcf2f68f10e7448fd51a57cfc9e4f9293a06772d06c767b86c0,
https://www.basepowercompany.com/watt,JJ Watt x Base Power,base_sitemap,retrieved,2026-09-26T19:12:47.808208+00:00,30469,d1bf34db08e1d3cefcd424e7e0410cc2c5aed2283e2cbeacbf1a4114a036e4ed,
https://www.basepowercompany.com/with-generator,With Generator | Base Power Company,base_sitemap,retrieved,2026-09-26T19:12:47.818845+00:00,9211,d691bf368ae2218a053a058a7c8d93a5812809fcc051aa3f19e42eafe64cde80,
https://www.basepowercompany.com/with-solar,Solar Battery Backup and Competitive Buyback Rates | Base Power,base_sitemap,retrieved,2026-09-26T19:12:47.820223+00:00,11408,dc5a800970dd87ce57e712a90621bd97c27c3e65a2cbd37e83e86947bd08417b,
https://www.basepowercompany.com/your-privacy-choices,Your Privacy Choices | Base Power,base_sitemap,retrieved,2026-09-26T19:12:47.821570+00:00,5865,a481ca4d9c0a349b2abffdfea2f338d235354c3922f9b3cda3e8a07d1ac5cb13,
https://www.centerpointenergy.com/en-us/Documents/DistributedGenerationDocs/SmallScale-DER-Project-Documentation.pdf,[PDF] Small Distributed Generation Project Application Submission ...,supplementary_primary,retrieved,2026-09-26T19:14:38.592796+00:00,9419,f9a92e9314561c38577931f4c541b73eb6097fee422c2484631a9d23c9478b69,
https://www.houstonpermittingcenter.org/media/9346/download?inline,[PDF] IFC Electrical Storage Systems - Houston Permitting Center,supplementary_primary,retrieved,2026-09-26T19:13:27.015025+00:00,66488,40df6591d1122ea3899d1b3885f4c543dc4c8bd71fb498489070b6d5895c53cc,
https://www.houstonpermittingcenter.org/news-events/notice-process-updates-residential-backup-power-systems,Notice: Process Updates for Residential Backup Power Systems,supplementary_primary,retrieved,2026-09-26T19:13:27.014941+00:00,2080,62ccee98b5b09a146b1c3efa9f23228784302d2726fcabe97ac1f1eccdac6304,
https://www.houstonpermittingcenter.org/news-events/request-public-comment-administrative-provisions-local-amendments-2026-national,Request for Public Comment: Administrative Provisions & Local Amendments for the 2026 National Electrical Code,supplementary_primary,retrieved,2026-09-26T19:15:58.580484+00:00,1732,8ecfebfb284bfcaec268214f056ba37212038fd2d2be2efcf77d0312c7913bf5,
https://www.iccsafe.org/wp-content/uploads/Session-1-and-31-2024-IRC-Significant-Changes.pdf,[PDF] 2024 IRC Significant Changes - International Code Council,supplementary_primary,retrieved,2026-09-26T19:13:55.412934+00:00,81276,cd5f46775a866c3fb2b4d413f6cc14d9512117724b152678764b5067e739ec19,
https://www.kendallcountytx.gov/DocumentCenter/View/2628/Kendall-County-ESS-Guide-Final,[PDF] Kendall County ESS Guide-Final,supplementary_primary,retrieved,2026-09-26T19:16:28.595252+00:00,49723,14887aec11aa1c9035249a09d13d6f7653932df8a5d565b58e997f07856bdb89,
https://www.oncor.com/content/dam/oncorwww/documents/new-construction/construction-guidelines/Electric%20Service%20Guidelines%20Book.pdf,[PDF] Complete Electric Service Guidelines Book - Oncor,supplementary_primary,retrieved,2026-09-26T19:13:02.576295+00:00,171932,cd431616734e6e6c631e98fef0c2ee28eb0bb0b4570c5855b43af79efee3eaa2,
https://www.oncor.com/content/oncorwww/us/en/home/smart-energy/renewables-solar-and-more/for-installers.html,Downloads,supplementary_primary,retrieved,2026-09-26T19:14:38.598561+00:00,5812,b998163043726d251b2c75ac7ffabe707d0f1a544ac0f68aec1fd80bb52d5c27,
https://www.roundrocktexas.gov/city-departments/planning-and-development-services/building-inspection/,Building Inspection Division - City of Round Rock,supplementary_primary,retrieved,2026-09-26T19:13:55.423789+00:00,9471,c1595db460cdc17a14b5ed236d2289e68f161031f325b332846c4442f28e9638,
https://www.roundrocktexas.gov/wp-content/uploads/2025/06/Residential-Guide.pdf,[PDF] Residential Guide - City of Round Rock,supplementary_primary,retrieved,2026-09-26T19:13:27.015813+00:00,17002,16d4717345df8768d4ff6c6e2bf7d4ad48005e12f49fc6d0bbb77290726bb58d,
https://www.tdlr.texas.gov/electricians/compliance-guide.htm,Compliance Guide - Texas Department of Licensing and Regulation,supplementary_primary,retrieved,2026-09-26T19:16:28.594875+00:00,16705,619b73fba76f9095c9fae1c4d4c91f3c5b002074332e0230b329bab369db3ee4,
https://www.tdlr.texas.gov/news/2025/08/14/sb-1252-changes-to-residential-energy-backup-system-regulations/,SB 1252: Changes to Residential Energy Backup System ...,supplementary_primary,retrieved,2026-09-26T19:13:55.412790+00:00,1246,3c77394c3e74241a65832c25844f8329645a8f941ff37b65bf56f6bea91a19ff,
